Voltage (V),Current (A)
0.0,-3.003736e-12
0.2,4.059673e-08
0.4,8.1722e-08
0.6000000000000001,1.237687e-07
0.8,1.661441e-07
1.0,2.088178e-07
1.2000000000000002,2.521519e-07
1.4000000000000001,2.95685e-07
1.6,3.38814e-07
1.8,3.816058e-07
2.0,4.240399e-07
2.2,4.653899e-07
2.4000000000000004,5.052858e-07
2.6,5.425623e-07
2.8000000000000003,5.771929e-07
3.0,6.076961e-07
3.2,6.353744e-07
3.4000000000000004,6.626352e-07
3.6,6.902499e-07
3.8000000000000003,7.187369e-07
4.0,7.472244e-07
4.2,7.768602e-07
4.4,8.070775e-07
4.6000000000000005,8.366067e-07
4.800000000000001,8.681928e-07
5.0,9.000834e-07
5.2,9.326662e-07
5.4,9.626368e-07
5.6000000000000005,1.013527e-06
5.800000000000001,1.048747e-06
6.0,1.08556e-06
6.2,1.123871e-06
6.4,1.161635e-06
6.6000000000000005,1.199947e-06
6.800000000000001,1.237913e-06
7.0,1.276374e-06
7.2,1.315899e-06
7.4,1.354993e-06
7.6000000000000005,1.395324e-06
7.800000000000001,1.434171e-06
8.0,1.476856e-06
8.200000000000001,1.514497e-06
8.4,1.559649e-06
8.6,1.601729e-06
8.8,1.641858e-06
9.0,1.68491e-06
9.200000000000001,1.725703e-06
9.4,1.765891e-06
9.600000000000001,1.80814e-06
9.8,1.852133e-06
10.0,1.893155e-06
10.200000000000001,1.936604e-06
10.4,1.980219e-06
10.600000000000001,2.019091e-06
10.8,2.06353e-06
11.0,2.102562e-06
11.200000000000001,2.149066e-06
11.4,2.187133e-06
11.600000000000001,2.228863e-06
11.8,2.275517e-06
12.0,2.318388e-06
12.0,2.331807e-06
11.8,2.312307e-06
11.600000000000001,2.288264e-06
11.400000000000002,2.264062e-06
11.200000000000003,2.239884e-06
11.000000000000004,2.214655e-06
10.800000000000004,2.194046e-06
10.600000000000005,2.183448e-06
10.400000000000006,2.154676e-06
10.200000000000006,2.13126e-06
10.000000000000007,2.108741e-06
9.800000000000008,2.081596e-06
9.600000000000009,2.051381e-06
9.40000000000001,2.023216e-06
9.20000000000001,1.993718e-06
9.00000000000001,1.96203e-06
8.800000000000011,1.928766e-06
8.600000000000012,1.901478e-06
8.400000000000013,1.866046e-06
8.200000000000014,1.833875e-06
8.000000000000014,1.800697e-06
7.800000000000015,1.766008e-06
7.600000000000016,1.730828e-06
7.400000000000016,1.693663e-06
7.200000000000017,1.654877e-06
7.000000000000018,1.617497e-06
6.8000000000000185,1.577863e-06
6.600000000000019,1.538674e-06
6.40000000000002,1.498481e-06
6.200000000000021,1.458427e-06
6.000000000000021,1.416785e-06
5.800000000000022,1.376508e-06
5.600000000000023,1.333405e-06
5.4000000000000234,1.289879e-06
5.200000000000024,1.24666e-06
5.000000000000025,1.200749e-06
4.800000000000026,1.155701e-06
4.600000000000026,1.110413e-06
4.400000000000027,1.064117e-06
4.200000000000028,1.016987e-06
4.000000000000028,9.766142e-07
3.800000000000029,9.264149e-07
3.60000000000003,8.782214e-07
3.4000000000000306,8.291742e-07
3.2000000000000313,7.780998e-07
3.000000000000032,7.297035e-07
2.8000000000000327,6.796122e-07
2.6000000000000334,6.279237e-07
2.400000000000034,5.765467e-07
2.200000000000035,5.236006e-07
2.0000000000000355,4.701487e-07
1.8000000000000362,4.170662e-07
1.600000000000037,3.646834e-07
1.4000000000000377,3.123705e-07
1.2000000000000384,2.612375e-07
1.000000000000039,2.109595e-07
0.8000000000000398,1.625133e-07
0.6000000000000405,1.161554e-07
0.4000000000000412,7.360072e-08
0.20000000000004192,3.421338e-08
4.263256414560601e-14,1.897268e-12
-0.19999999999995666,-3.143898e-08
-0.39999999999995595,-5.87285e-08
-0.5999999999999552,-8.605841e-08
-0.7999999999999545,-1.219068e-07
-0.9999999999999538,-1.471856e-07
-1.199999999999953,-1.691533e-07
-1.3999999999999524,-1.90525e-07
-1.5999999999999517,-2.122526e-07
-1.799999999999951,-2.340772e-07
-1.9999999999999503,-2.566303e-07
-2.1999999999999496,-2.829659e-07
-2.399999999999949,-3.092396e-07
-2.599999999999948,-3.37349e-07
-2.7999999999999474,-3.621781e-07
-2.9999999999999467,-3.907886e-07
-3.199999999999946,-4.203629e-07
-3.3999999999999453,-4.495351e-07
-3.5999999999999446,-4.840455e-07
-3.799999999999944,-5.164532e-07
-3.999999999999943,-5.463733e-07
-4.1999999999999424,-5.765788e-07
-4.399999999999942,-6.046776e-07
-4.599999999999941,-6.358534e-07
-4.79999999999994,-6.640142e-07
-4.99999999999994,-6.916105e-07
-5.199999999999939,-7.177703e-07
-5.399999999999938,-7.433053e-07
-5.5999999999999375,-7.686024e-07
-5.799999999999937,-7.953843e-07
-5.999999999999936,-8.177174e-07
-6.199999999999935,-8.361112e-07
-6.399999999999935,-8.579369e-07
-6.599999999999934,-9.096973e-07
-6.799999999999933,-9.016017e-07
-6.9999999999999325,-9.764451e-07
-7.199999999999932,-1.004837e-06
-7.399999999999931,-1.024268e-06
-7.59999999999993,-1.048744e-06
-7.79999999999993,-1.076621e-06
-7.999999999999929,-1.104141e-06
-8.199999999999928,-1.13597e-06
-8.399999999999928,-1.158884e-06
-8.599999999999927,-1.189974e-06
-8.799999999999926,-1.219824e-06
-8.999999999999925,-1.250635e-06
-9.199999999999925,-1.2807e-06
-9.399999999999924,-1.312228e-06
-9.599999999999923,-1.344129e-06
-9.799999999999923,-1.378932e-06
-9.999999999999922,-1.413485e-06
-10.199999999999921,-1.442694e-06
-10.39999999999992,-1.472254e-06
-10.59999999999992,-1.502976e-06
-10.799999999999919,-1.531186e-06
-10.999999999999918,-1.558765e-06
-11.199999999999918,-1.586354e-06
-11.399999999999917,-1.615165e-06
-11.599999999999916,-1.639783e-06
-11.799999999999915,-1.66037e-06
-11.999999999999915,-1.682969e-06
-12.0,-1.68105e-06
-11.8,-1.661994e-06
-11.600000000000001,-1.643173e-06
-11.400000000000002,-1.6278e-06
-11.200000000000003,-1.616644e-06
-11.000000000000004,-1.607498e-06
-10.800000000000004,-1.593606e-06
-10.600000000000005,-1.582923e-06
-10.400000000000006,-1.566959e-06
-10.200000000000006,-1.555059e-06
-10.000000000000007,-1.538558e-06
-9.800000000000008,-1.523731e-06
-9.600000000000009,-1.50463e-06
-9.40000000000001,-1.488376e-06
-9.20000000000001,-1.467985e-06
-9.00000000000001,-1.452251e-06
-8.800000000000011,-1.435553e-06
-8.600000000000012,-1.417791e-06
-8.400000000000013,-1.401217e-06
-8.200000000000014,-1.380216e-06
-8.000000000000014,-1.360727e-06
-7.800000000000015,-1.34258e-06
-7.600000000000016,-1.321619e-06
-7.400000000000016,-1.300793e-06
-7.200000000000017,-1.281188e-06
-7.000000000000018,-1.258531e-06
-6.8000000000000185,-1.236359e-06
-6.600000000000019,-1.215097e-06
-6.40000000000002,-1.190391e-06
-6.200000000000021,-1.164696e-06
-6.000000000000021,-1.139963e-06
-5.800000000000022,-1.113919e-06
-5.600000000000023,-1.084269e-06
-5.4000000000000234,-1.055539e-06
-5.200000000000024,-1.025987e-06
-5.000000000000025,-1.005997e-06
-4.800000000000026,-9.681468e-07
-4.600000000000026,-9.424445e-07
-4.400000000000027,-9.094779e-07
-4.200000000000028,-8.756805e-07
-4.000000000000028,-8.410575e-07
-3.800000000000029,-8.049167e-07
-3.60000000000003,-7.689634e-07
-3.4000000000000306,-7.306195e-07
-3.2000000000000313,-6.913994e-07
-3.000000000000032,-6.515472e-07
-2.8000000000000327,-6.104984e-07
-2.6000000000000334,-5.679238e-07
-2.400000000000034,-5.254919e-07
-2.200000000000035,-4.816231e-07
-2.0000000000000355,-4.377032e-07
-1.8000000000000362,-3.933233e-07
-1.600000000000037,-3.483265e-07
-1.4000000000000377,-3.036784e-07
-1.2000000000000384,-2.573195e-07
-1.000000000000039,-2.129076e-07
-0.8000000000000398,-1.690574e-07
-0.6000000000000405,-1.252485e-07
-0.4000000000000412,-8.232468e-08
-0.20000000000004192,-4.068496e-08
-4.263256414560601e-14,-4.456182e-12
0.0,-4.369385e-12
0.2,4.126588e-08
0.4,8.195002e-08
0.6000000000000001,1.251465e-07
0.8,1.66729e-07
1.0,2.075252e-07
1.2000000000000002,2.478152e-07
1.4000000000000001,2.869139e-07
1.6,3.240741e-07
1.8,3.602038e-07
2.0,3.952306e-07
2.2,4.286573e-07
2.4000000000000004,4.6111e-07
2.6,4.930986e-07
2.8000000000000003,5.265292e-07
3.0,5.606385e-07
3.2,5.94719e-07
3.4000000000000004,6.277236e-07
3.6,6.629023e-07
3.8000000000000003,7.00718e-07
4.0,7.402004e-07
4.2,7.799737e-07
4.4,8.214051e-07
4.6000000000000005,8.640783e-07
4.800000000000001,9.074463e-07
5.0,9.462395e-07
5.2,9.783257e-07
5.4,1.078656e-06
5.6000000000000005,1.132075e-06
5.800000000000001,1.188038e-06
6.0,1.243801e-06
6.2,1.299419e-06
6.4,1.358769e-06
6.6000000000000005,1.423648e-06
6.800000000000001,1.487867e-06
7.0,1.553723e-06
7.2,1.617457e-06
7.4,1.683312e-06
7.6000000000000005,1.749187e-06
7.800000000000001,1.818038e-06
8.0,1.885335e-06
8.200000000000001,1.943248e-06
8.4,2.002515e-06
8.6,2.067133e-06
8.8,2.135035e-06
9.0,2.20277e-06
9.200000000000001,2.270255e-06
9.4,2.339891e-06
9.600000000000001,2.412455e-06
9.8,2.482833e-06
10.0,2.561447e-06
10.200000000000001,2.63784e-06
10.4,2.698146e-06
10.600000000000001,2.764674e-06
10.8,2.831533e-06
11.0,2.904989e-06
11.200000000000001,2.968022e-06
11.4,3.039881e-06
11.600000000000001,3.104416e-06
11.8,3.184919e-06
12.0,3.260561e-06
12.0,3.26466e-06
11.8,3.23643e-06
11.600000000000001,3.218745e-06
11.400000000000002,3.178e-06
11.200000000000003,3.137068e-06
11.000000000000004,3.095707e-06
10.800000000000004,3.063164e-06
10.600000000000005,3.038514e-06
10.400000000000006,3.014346e-06
10.200000000000006,2.96618e-06
10.000000000000007,2.921891e-06
9.800000000000008,2.873141e-06
9.600000000000009,2.8468e-06
9.40000000000001,2.80241e-06
9.20000000000001,2.751495e-06
9.00000000000001,2.726288e-06
8.800000000000011,2.672578e-06
8.600000000000012,2.619909e-06
8.400000000000013,2.582983e-06
8.200000000000014,2.527942e-06
8.000000000000014,2.460882e-06
7.800000000000015,2.417606e-06
7.600000000000016,2.358368e-06
7.400000000000016,2.296746e-06
7.200000000000017,2.231464e-06
7.000000000000018,2.186204e-06
6.8000000000000185,2.132245e-06
6.600000000000019,2.06367e-06
6.40000000000002,2.002806e-06
6.200000000000021,1.942058e-06
6.000000000000021,1.877795e-06
5.800000000000022,1.812682e-06
5.600000000000023,1.749068e-06
5.4000000000000234,1.684769e-06
5.200000000000024,1.62296e-06
5.000000000000025,1.556938e-06
4.800000000000026,1.496846e-06
4.600000000000026,1.433025e-06
4.400000000000027,1.365221e-06
4.200000000000028,1.298092e-06
4.000000000000028,1.230256e-06
3.800000000000029,1.163206e-06
3.60000000000003,1.096932e-06
3.4000000000000306,1.029046e-06
3.2000000000000313,9.649169e-07
3.000000000000032,8.966925e-07
2.8000000000000327,8.288972e-07
2.6000000000000334,7.604655e-07
2.400000000000034,6.918978e-07
2.200000000000035,6.244112e-07
2.0000000000000355,5.571255e-07
1.8000000000000362,4.909912e-07
1.600000000000037,4.257127e-07
1.4000000000000377,3.620721e-07
1.2000000000000384,2.999791e-07
1.000000000000039,2.399627e-07
0.8000000000000398,1.823289e-07
0.6000000000000405,1.280865e-07
0.4000000000000412,7.792263e-08
0.20000000000004192,3.512575e-08
4.263256414560601e-14,1.82783e-12
-0.19999999999995666,-2.788841e-08
-0.39999999999995595,-5.088454e-08
-0.5999999999999552,-7.304551e-08
-0.7999999999999545,-9.208846e-08
-0.9999999999999538,-1.202453e-07
-1.199999999999953,-1.387509e-07
-1.3999999999999524,-1.544852e-07
-1.5999999999999517,-1.703997e-07
-1.799999999999951,-1.85753e-07
-1.9999999999999503,-1.980924e-07
-2.1999999999999496,-2.113882e-07
-2.399999999999949,-2.265052e-07
-2.599999999999948,-2.411461e-07
-2.7999999999999474,-2.582052e-07
-2.9999999999999467,-2.759972e-07
-3.199999999999946,-2.982887e-07
-3.3999999999999453,-3.20038e-07
-3.5999999999999446,-3.437974e-07
-3.799999999999944,-3.674977e-07
-3.999999999999943,-3.960496e-07
-4.1999999999999424,-4.244771e-07
-4.399999999999942,-4.553742e-07
-4.599999999999941,-4.820304e-07
-4.79999999999994,-5.111336e-07
-4.99999999999994,-5.404598e-07
-5.199999999999939,-5.694066e-07
-5.399999999999938,-6.00034e-07
-5.5999999999999375,-6.279104e-07
-5.799999999999937,-6.582689e-07
-5.999999999999936,-6.870343e-07
-6.199999999999935,-7.145967e-07
-6.399999999999935,-7.470483e-07
-6.599999999999934,-7.814122e-07
-6.799999999999933,-8.150003e-07
-6.9999999999999325,-9.034332e-07
-7.199999999999932,-9.235463e-07
-7.399999999999931,-1.053677e-06
-7.59999999999993,-1.087705e-06
-7.79999999999993,-1.123553e-06
-7.999999999999929,-1.16914e-06
-8.199999999999928,-1.21009e-06
-8.399999999999928,-1.2516e-06
-8.599999999999927,-1.293603e-06
-8.799999999999926,-1.335268e-06
-8.999999999999925,-1.381997e-06
-9.199999999999925,-1.430509e-06
-9.399999999999924,-1.478856e-06
-9.599999999999923,-1.525602e-06
-9.799999999999923,-1.578671e-06
-9.999999999999922,-1.623115e-06
-10.199999999999921,-1.671733e-06
-10.39999999999992,-1.719292e-06
-10.59999999999992,-1.765521e-06
-10.799999999999919,-1.801926e-06
-10.999999999999918,-1.843588e-06
-11.199999999999918,-1.878647e-06
-11.399999999999917,-1.906025e-06
-11.599999999999916,-1.933208e-06
-11.799999999999915,-1.954693e-06
-11.999999999999915,-1.978132e-06
-12.0,-1.982142e-06
-11.8,-1.959422e-06
-11.600000000000001,-1.934087e-06
-11.400000000000002,-1.909174e-06
-11.200000000000003,-1.890263e-06
-11.000000000000004,-1.865546e-06
-10.800000000000004,-1.846396e-06
-10.600000000000005,-1.822136e-06
-10.400000000000006,-1.796339e-06
-10.200000000000006,-1.771794e-06
-10.000000000000007,-1.746214e-06
-9.800000000000008,-1.721581e-06
-9.600000000000009,-1.695609e-06
-9.40000000000001,-1.677042e-06
-9.20000000000001,-1.656746e-06
-9.00000000000001,-1.640376e-06
-8.800000000000011,-1.620466e-06
-8.600000000000012,-1.60236e-06
-8.400000000000013,-1.585517e-06
-8.200000000000014,-1.556026e-06
-8.000000000000014,-1.539228e-06
-7.800000000000015,-1.51929e-06
-7.600000000000016,-1.497597e-06
-7.400000000000016,-1.473203e-06
-7.200000000000017,-1.450312e-06
-7.000000000000018,-1.424806e-06
-6.8000000000000185,-1.400157e-06
-6.600000000000019,-1.373979e-06
-6.40000000000002,-1.347677e-06
-6.200000000000021,-1.32478e-06
-6.000000000000021,-1.295508e-06
-5.800000000000022,-1.266535e-06
-5.600000000000023,-1.237186e-06
-5.4000000000000234,-1.205425e-06
-5.200000000000024,-1.171747e-06
-5.000000000000025,-1.138098e-06
-4.800000000000026,-1.100658e-06
-4.600000000000026,-1.065738e-06
-4.400000000000027,-1.028005e-06
-4.200000000000028,-9.879667e-07
-4.000000000000028,-9.476228e-07
-3.800000000000029,-9.05337e-07
-3.60000000000003,-8.616751e-07
-3.4000000000000306,-8.169126e-07
-3.2000000000000313,-7.711212e-07
-3.000000000000032,-7.234946e-07
-2.8000000000000327,-6.758414e-07
-2.6000000000000334,-6.255485e-07
-2.400000000000034,-5.744694e-07
-2.200000000000035,-5.226858e-07
-2.0000000000000355,-4.684952e-07
-1.8000000000000362,-4.152791e-07
-1.600000000000037,-3.620474e-07
-1.4000000000000377,-3.083728e-07
-1.2000000000000384,-2.563562e-07
-1.000000000000039,-2.060078e-07
-0.8000000000000398,-1.574489e-07
-0.6000000000000405,-1.111228e-07
-0.4000000000000412,-6.818924e-08
-0.20000000000004192,-3.096377e-08
-4.263256414560601e-14,-3.923812e-12
0.0,-5.139006e-12
0.2,2.659378e-08
0.4,5.044815e-08
0.6000000000000001,7.364344e-08
0.8,9.844354e-08
1.0,1.493071e-07
1.2000000000000002,1.772592e-07
1.4000000000000001,2.021964e-07
1.6,2.264855e-07
1.8,2.514065e-07
2.0,2.772943e-07
2.2,3.046747e-07
2.4000000000000004,3.345175e-07
2.6,3.671357e-07
2.8000000000000003,4.019241e-07
3.0,4.383519e-07
3.2,4.793284e-07
3.4000000000000004,5.193021e-07
3.6,5.608726e-07
3.8000000000000003,6.034587e-07
4.0,6.466e-07
4.2,6.891962e-07
4.4,7.332373e-07
4.6000000000000005,7.794664e-07
4.800000000000001,8.259823e-07
5.0,8.770118e-07
5.2,9.698691e-07
5.4,1.03e-06
5.6000000000000005,1.091673e-06
5.800000000000001,1.157241e-06
6.0,1.225583e-06
6.2,1.292726e-06
6.4,1.3696e-06
6.6000000000000005,1.445996e-06
6.800000000000001,1.521565e-06
7.0,1.600973e-06
7.2,1.680483e-06
7.4,1.769012e-06
7.6000000000000005,1.853854e-06
7.800000000000001,1.936066e-06
8.0,2.029649e-06
8.200000000000001,2.143831e-06
8.4,2.233231e-06
8.6,2.311083e-06
8.8,2.390632e-06
9.0,2.481556e-06
9.200000000000001,2.583225e-06
9.4,2.659193e-06
9.600000000000001,2.746355e-06
9.8,2.834005e-06
10.0,2.910294e-06
10.200000000000001,3.004648e-06
10.4,3.078196e-06
10.600000000000001,3.159426e-06
10.8,3.240602e-06
11.0,3.337299e-06
11.200000000000001,3.393018e-06
11.4,3.447854e-06
11.600000000000001,3.493925e-06
11.8,3.539094e-06
12.0,3.594766e-06
12.0,3.59273e-06
11.8,3.49695e-06
11.600000000000001,3.458776e-06
11.400000000000002,3.4056e-06
11.200000000000003,3.331922e-06
11.000000000000004,3.281774e-06
10.800000000000004,3.240818e-06
10.600000000000005,3.190122e-06
10.400000000000006,3.102061e-06
10.200000000000006,3.073881e-06
10.000000000000007,3.015125e-06
9.800000000000008,2.970003e-06
9.600000000000009,2.910669e-06
9.40000000000001,2.84355e-06
9.20000000000001,2.783221e-06
9.00000000000001,2.725484e-06
8.800000000000011,2.660793e-06
8.600000000000012,2.600324e-06
8.400000000000013,2.561316e-06
8.200000000000014,2.516286e-06
8.000000000000014,2.447745e-06
7.800000000000015,2.386522e-06
7.600000000000016,2.332414e-06
7.400000000000016,2.273931e-06
7.200000000000017,2.213824e-06
7.000000000000018,2.166969e-06
6.8000000000000185,2.116581e-06
6.600000000000019,2.080076e-06
6.40000000000002,2.01443e-06
6.200000000000021,1.947407e-06
6.000000000000021,1.908212e-06
5.800000000000022,1.84981e-06
5.600000000000023,1.794645e-06
5.4000000000000234,1.743296e-06
5.200000000000024,1.685864e-06
5.000000000000025,1.628215e-06
4.800000000000026,1.575446e-06
4.600000000000026,1.521044e-06
4.400000000000027,1.428412e-06
4.200000000000028,1.371561e-06
4.000000000000028,1.308096e-06
3.800000000000029,1.224475e-06
3.60000000000003,1.158182e-06
3.4000000000000306,1.082917e-06
3.2000000000000313,1.00789e-06
3.000000000000032,9.440618e-07
2.8000000000000327,8.590231e-07
2.6000000000000334,7.892755e-07
2.400000000000034,7.16256e-07
2.200000000000035,6.450898e-07
2.0000000000000355,5.721051e-07
1.8000000000000362,5.002997e-07
1.600000000000037,4.301683e-07
1.4000000000000377,3.616126e-07
1.2000000000000384,2.950017e-07
1.000000000000039,2.316344e-07
0.8000000000000398,1.720631e-07
0.6000000000000405,1.174997e-07
0.4000000000000412,6.909654e-08
0.20000000000004192,2.981961e-08
4.263256414560601e-14,8.441969e-13
-0.19999999999995666,-2.235098e-08
-0.39999999999995595,-4.027666e-08
-0.5999999999999552,-5.736328e-08
-0.7999999999999545,-7.497707e-08
-0.9999999999999538,-8.962922e-08
-1.199999999999953,-1.145888e-07
-1.3999999999999524,-1.275422e-07
-1.5999999999999517,-1.397096e-07
-1.799999999999951,-1.512121e-07
-1.9999999999999503,-1.648604e-07
-2.1999999999999496,-1.799624e-07
-2.399999999999949,-1.951259e-07
-2.599999999999948,-2.131504e-07
-2.7999999999999474,-2.310661e-07
-2.9999999999999467,-2.506256e-07
-3.199999999999946,-2.740785e-07
-3.3999999999999453,-2.967398e-07
-3.5999999999999446,-3.221663e-07
-3.799999999999944,-3.463562e-07
-3.999999999999943,-3.736617e-07
-4.1999999999999424,-4.022705e-07
-4.399999999999942,-4.321231e-07
-4.599999999999941,-4.603628e-07
-4.79999999999994,-4.92787e-07
-4.99999999999994,-5.26322e-07
-5.199999999999939,-5.593174e-07
-5.399999999999938,-5.92585e-07
-5.5999999999999375,-6.273316e-07
-5.799999999999937,-6.64885e-07
-5.999999999999936,-7.022163e-07
-6.199999999999935,-7.444428e-07
-6.399999999999935,-7.915274e-07
-6.599999999999934,-8.304763e-07
-6.799999999999933,-9.211896e-07
-6.9999999999999325,-9.301733e-07
-7.199999999999932,-1.046148e-06
-7.399999999999931,-1.08826e-06
-7.59999999999993,-1.137231e-06
-7.79999999999993,-1.189649e-06
-7.999999999999929,-1.237849e-06
-8.199999999999928,-1.294689e-06
-8.399999999999928,-1.350949e-06
-8.599999999999927,-1.419405e-06
-8.799999999999926,-1.483322e-06
-8.999999999999925,-1.558736e-06
-9.199999999999925,-1.630026e-06
-9.399999999999924,-1.704708e-06
-9.599999999999923,-1.77612e-06
-9.799999999999923,-1.844484e-06
-9.999999999999922,-1.919633e-06
-10.199999999999921,-1.992905e-06
-10.39999999999992,-2.05973e-06
-10.59999999999992,-2.119701e-06
-10.799999999999919,-2.177398e-06
-10.999999999999918,-2.23329e-06
-11.199999999999918,-2.276259e-06
-11.399999999999917,-2.328359e-06
-11.599999999999916,-2.379391e-06
-11.799999999999915,-2.423246e-06
-11.999999999999915,-2.460256e-06
-12.0,-2.465645e-06
-11.8,-2.435712e-06
-11.600000000000001,-2.403541e-06
-11.400000000000002,-2.375168e-06
-11.200000000000003,-2.349986e-06
-11.000000000000004,-2.320733e-06
-10.800000000000004,-2.292858e-06
-10.600000000000005,-2.266407e-06
-10.400000000000006,-2.239275e-06
-10.200000000000006,-2.213137e-06
-10.000000000000007,-2.188606e-06
-9.800000000000008,-2.159356e-06
-9.600000000000009,-2.126734e-06
-9.40000000000001,-2.088682e-06
-9.20000000000001,-2.058215e-06
-9.00000000000001,-2.02336e-06
-8.800000000000011,-1.992876e-06
-8.600000000000012,-1.962783e-06
-8.400000000000013,-1.931545e-06
-8.200000000000014,-1.901701e-06
-8.000000000000014,-1.869605e-06
-7.800000000000015,-1.835661e-06
-7.600000000000016,-1.799848e-06
-7.400000000000016,-1.765154e-06
-7.200000000000017,-1.728229e-06
-7.000000000000018,-1.69055e-06
-6.8000000000000185,-1.655562e-06
-6.600000000000019,-1.615418e-06
-6.40000000000002,-1.577767e-06
-6.200000000000021,-1.538345e-06
-6.000000000000021,-1.499065e-06
-5.800000000000022,-1.460288e-06
-5.600000000000023,-1.418164e-06
-5.4000000000000234,-1.376227e-06
-5.200000000000024,-1.330569e-06
-5.000000000000025,-1.285116e-06
-4.800000000000026,-1.239493e-06
-4.600000000000026,-1.193353e-06
-4.400000000000027,-1.145291e-06
-4.200000000000028,-1.094839e-06
-4.000000000000028,-1.045918e-06
-3.800000000000029,-9.97573e-07
-3.60000000000003,-9.458277e-07
-3.4000000000000306,-8.934024e-07
-3.2000000000000313,-8.382453e-07
-3.000000000000032,-7.834963e-07
-2.8000000000000327,-7.259494e-07
-2.6000000000000334,-6.678004e-07
-2.400000000000034,-6.084589e-07
-2.200000000000035,-5.48369e-07
-2.0000000000000355,-4.874078e-07
-1.8000000000000362,-4.267773e-07
-1.600000000000037,-3.671546e-07
-1.4000000000000377,-3.079661e-07
-1.2000000000000384,-2.50613e-07
-1.000000000000039,-1.96064e-07
-0.8000000000000398,-1.439008e-07
-0.6000000000000405,-9.648863e-08
-0.4000000000000412,-5.737493e-08
-0.20000000000004192,-2.443906e-08
-4.263256414560601e-14,-3.819651e-12
0.0,-5.601939e-12
0.2,1.502176e-08
0.4,2.583264e-08
0.6000000000000001,3.546685e-08
0.8,4.732617e-08
1.0,7.227013e-08
1.2000000000000002,1.215462e-07
1.4000000000000001,1.417544e-07
1.6,1.632289e-07
1.8,1.863799e-07
2.0,2.093363e-07
2.2,2.365951e-07
2.4000000000000004,2.657979e-07
2.6,2.997789e-07
2.8000000000000003,3.357e-07
3.0,3.746906e-07
3.2,4.184108e-07
3.4000000000000004,4.644937e-07
3.6,5.134679e-07
3.8000000000000003,5.575507e-07
4.0,6.058899e-07
4.2,6.601393e-07
4.4,7.134441e-07
4.6000000000000005,7.716223e-07
4.800000000000001,8.196864e-07
5.0,8.704633e-07
5.2,9.828157e-07
5.4,1.050866e-06
5.6000000000000005,1.12033e-06
5.800000000000001,1.195125e-06
6.0,1.299768e-06
6.2,1.398085e-06
6.4,1.49881e-06
6.6000000000000005,1.606316e-06
6.800000000000001,1.714424e-06
7.0,1.81329e-06
7.2,1.915558e-06
7.4,2.006964e-06
7.6000000000000005,2.094792e-06
7.800000000000001,2.19818e-06
8.0,2.284123e-06
8.200000000000001,2.409459e-06
8.4,2.5073e-06
8.6,2.701395e-06
8.8,2.770383e-06
9.0,2.943236e-06
9.200000000000001,3.031765e-06
9.4,3.115209e-06
9.600000000000001,3.210132e-06
9.8,3.272419e-06
10.0,3.391928e-06
10.200000000000001,3.430846e-06
10.4,3.491265e-06
10.600000000000001,3.638315e-06
10.8,3.681326e-06
11.0,3.730461e-06
11.200000000000001,3.753781e-06
11.4,3.766961e-06
11.600000000000001,3.804001e-06
11.8,3.859842e-06
12.0,3.898896e-06
12.0,3.883246e-06
11.8,3.833837e-06
11.600000000000001,3.767899e-06
11.400000000000002,3.718619e-06
11.200000000000003,3.66827e-06
11.000000000000004,3.594938e-06
10.800000000000004,3.531625e-06
10.600000000000005,3.462184e-06
10.400000000000006,3.389809e-06
10.200000000000006,3.347841e-06
10.000000000000007,3.303599e-06
9.800000000000008,3.25892e-06
9.600000000000009,3.198324e-06
9.40000000000001,3.139635e-06
9.20000000000001,3.07457e-06
9.00000000000001,3.001053e-06
8.800000000000011,2.948161e-06
8.600000000000012,2.887846e-06
8.400000000000013,2.851056e-06
8.200000000000014,2.788408e-06
8.000000000000014,2.720948e-06
7.800000000000015,2.674059e-06
7.600000000000016,2.615663e-06
7.400000000000016,2.558321e-06
7.200000000000017,2.490523e-06
7.000000000000018,2.428777e-06
6.8000000000000185,2.360222e-06
6.600000000000019,2.303597e-06
6.40000000000002,2.251028e-06
6.200000000000021,2.183251e-06
6.000000000000021,2.098977e-06
5.800000000000022,2.045409e-06
5.600000000000023,1.983495e-06
5.4000000000000234,1.930068e-06
5.200000000000024,1.853897e-06
5.000000000000025,1.787545e-06
4.800000000000026,1.718367e-06
4.600000000000026,1.662175e-06
4.400000000000027,1.584182e-06
4.200000000000028,1.487917e-06
4.000000000000028,1.43028e-06
3.800000000000029,1.380925e-06
3.60000000000003,1.304904e-06
3.4000000000000306,1.231116e-06
3.2000000000000313,1.155176e-06
3.000000000000032,1.07612e-06
2.8000000000000327,9.985782e-07
2.6000000000000334,9.135148e-07
2.400000000000034,8.290266e-07
2.200000000000035,7.447007e-07
2.0000000000000355,6.576801e-07
1.8000000000000362,5.723786e-07
1.600000000000037,4.889842e-07
1.4000000000000377,4.06082e-07
1.2000000000000384,3.270647e-07
1.000000000000039,2.510601e-07
0.8000000000000398,1.813357e-07
0.6000000000000405,1.191162e-07
0.4000000000000412,6.700586e-08
0.20000000000004192,2.743658e-08
4.263256414560601e-14,2.724674e-12
-0.19999999999995666,-1.964011e-08
-0.39999999999995595,-3.470696e-08
-0.5999999999999552,-5.231697e-08
-0.7999999999999545,-6.586745e-08
-0.9999999999999538,-7.93912e-08
-1.199999999999953,-8.904868e-08
-1.3999999999999524,-9.810873e-08
-1.5999999999999517,-1.528402e-07
-1.799999999999951,-1.682736e-07
-1.9999999999999503,-1.824542e-07
-2.1999999999999496,-1.977735e-07
-2.399999999999949,-2.169879e-07
-2.599999999999948,-2.377357e-07
-2.7999999999999474,-2.591537e-07
-2.9999999999999467,-2.83232e-07
-3.199999999999946,-3.079246e-07
-3.3999999999999453,-3.353356e-07
-3.5999999999999446,-3.60902e-07
-3.799999999999944,-3.889466e-07
-3.999999999999943,-4.195903e-07
-4.1999999999999424,-4.488159e-07
-4.399999999999942,-4.821079e-07
-4.599999999999941,-5.190033e-07
-4.79999999999994,-5.586286e-07
-4.99999999999994,-5.96145e-07
-5.199999999999939,-6.334579e-07
-5.399999999999938,-6.742408e-07
-5.5999999999999375,-6.966628e-07
-5.799999999999937,-7.288118e-07
-5.999999999999936,-7.640099e-07
-6.199999999999935,-7.931777e-07
-6.399999999999935,-8.627415e-07
-6.599999999999934,-8.987879e-07
-6.799999999999933,-9.919207e-07
-6.9999999999999325,-1.039245e-06
-7.199999999999932,-1.100562e-06
-7.399999999999931,-1.179737e-06
-7.59999999999993,-1.276941e-06
-7.79999999999993,-1.390818e-06
-7.999999999999929,-1.527883e-06
-8.199999999999928,-1.65415e-06
-8.399999999999928,-1.755484e-06
-8.599999999999927,-1.850462e-06
-8.799999999999926,-1.940487e-06
-8.999999999999925,-2.016007e-06
-9.199999999999925,-2.093469e-06
-9.399999999999924,-2.163079e-06
-9.599999999999923,-2.236643e-06
-9.799999999999923,-2.306504e-06
-9.999999999999922,-2.371957e-06
-10.199999999999921,-2.431924e-06
-10.39999999999992,-2.486811e-06
-10.59999999999992,-2.540778e-06
-10.799999999999919,-2.590396e-06
-10.999999999999918,-2.636885e-06
-11.199999999999918,-2.676591e-06
-11.399999999999917,-2.723954e-06
-11.599999999999916,-2.760822e-06
-11.799999999999915,-2.786775e-06
-11.999999999999915,-2.820607e-06
-12.0,-2.818415e-06
-11.8,-2.781565e-06
-11.600000000000001,-2.748308e-06
-11.400000000000002,-2.711074e-06
-11.200000000000003,-2.676097e-06
-11.000000000000004,-2.646138e-06
-10.800000000000004,-2.618777e-06
-10.600000000000005,-2.583698e-06
-10.400000000000006,-2.551184e-06
-10.200000000000006,-2.51319e-06
-10.000000000000007,-2.481557e-06
-9.800000000000008,-2.448122e-06
-9.600000000000009,-2.410743e-06
-9.40000000000001,-2.370597e-06
-9.20000000000001,-2.332342e-06
-9.00000000000001,-2.294769e-06
-8.800000000000011,-2.256457e-06
-8.600000000000012,-2.212308e-06
-8.400000000000013,-2.170267e-06
-8.200000000000014,-2.121199e-06
-8.000000000000014,-2.081533e-06
-7.800000000000015,-2.037203e-06
-7.600000000000016,-1.994693e-06
-7.400000000000016,-1.950109e-06
-7.200000000000017,-1.905139e-06
-7.000000000000018,-1.860847e-06
-6.8000000000000185,-1.815333e-06
-6.600000000000019,-1.768055e-06
-6.40000000000002,-1.719847e-06
-6.200000000000021,-1.666966e-06
-6.000000000000021,-1.620796e-06
-5.800000000000022,-1.573548e-06
-5.600000000000023,-1.528574e-06
-5.4000000000000234,-1.478835e-06
-5.200000000000024,-1.42601e-06
-5.000000000000025,-1.380135e-06
-4.800000000000026,-1.328334e-06
-4.600000000000026,-1.277961e-06
-4.400000000000027,-1.225453e-06
-4.200000000000028,-1.166878e-06
-4.000000000000028,-1.110918e-06
-3.800000000000029,-1.053741e-06
-3.60000000000003,-9.95142e-07
-3.4000000000000306,-9.360555e-07
-3.2000000000000313,-8.724149e-07
-3.000000000000032,-8.13197e-07
-2.8000000000000327,-7.508887e-07
-2.6000000000000334,-6.828546e-07
-2.400000000000034,-6.163428e-07
-2.200000000000035,-5.510414e-07
-2.0000000000000355,-4.832976e-07
-1.8000000000000362,-4.163155e-07
-1.600000000000037,-3.517229e-07
-1.4000000000000377,-2.875906e-07
-1.2000000000000384,-2.272291e-07
-1.000000000000039,-1.702019e-07
-0.8000000000000398,-1.19635e-07
-0.6000000000000405,-7.563855e-08
-0.4000000000000412,-4.141581e-08
-0.20000000000004192,-1.573042e-08
-4.263256414560601e-14,-3.212054e-12
